﻿Designator,Footprint,Quantity,Value,LCSC Part #
"C1, C10, C11, C12, C13, C15, C20, C23, C30, C31, C32, C38, C48, C50, C51, C52",C_0805,16,100nF,C28233
"C14, C16, C19, C22, C24, C25, C26, C27",C_0603,8,330pF,C1664
"C17, C36, C37, C46, C47",C_CASE-B-3528-21(mm),5,100uF,C16133
"C18, C28",C_0805,2,100pF,C1790
"C2, C33, C34, C35, C41, C42, C5",C_1206,7,10uF,C13585
"C21, C29, C3, C4",C_0805,4,1uF,C28323
"C39, C44, C45, C8, C9",C_CASE-A-3216-18(mm),5,10uF,C7171
C40,C_0603,1,4.7pF,C1669
"C43, C55",0805,2,0.1u,C49678
"C49, C53, C6, C7",C_0805,4,2.2nF,C28260
"D1, D2, D3",D_SMA,3,SS14,C2480
E1,DFN-8-1EP_3x3mm_P0.65mm_EP1.55x2.4mm,1,SGM2205-ADJXTDB8G/TR,C5152847
"E3, E4, E5",SolderJumper-2_P1.3mm_Bridged_RoundedPad1.0x1.5mm,3,Groundloop_Insurance,
"FB1, FB4, FB5, FB6, FB7",FB_0805,5,~,C1015
"FB2, FB3",FB_0805,2,~,C1017
J1,Jack_3.5mm_CUI_SJ-3523-SMT_Horizontal,1,ADC IN,C18594
J10,PinSocket_1x20_P2.54mm_Vertical-pins21-40,1,Conn_01x20_Socket,C2905423
J11,BNC_TEConnectivity_1478204_Vertical,1,SDR ANT,
J12,Jack_3.5mm_CUI_SJ-3523-SMT_Horizontal,1,SDR Out,C18594
J2,PinSocket_2x20_P2.54mm_Vertical_pins1-20,1,Conn_02x20_Counter_Clockwise,C2977589
J3,PinSocket_2x20_P2.54mm_Vertical_Counterclockwise_pins21-40,1,Conn_02x20_Counter_Clockwise,C2977589
J4,PinSocket_1x20_P2.54mm_Vertical,1,Conn_01x20_Socket,C2905423
J5,PinHeader_1x02_P2.54mm_Vertical,1,Conn_01x02,
J7,PinHeader_1x01_P2.54mm_Vertical,1,Conn_01x01_Pin,
J8,BNC_TEConnectivity_1478204_Vertical,1,BNC,
J9,Jack_3.5mm_CUI_SJ-3523-SMT_Horizontal,1,DAC OUT,C18594
JE3,PinHeader_1x04_P2.54mm_Vertical,1,Filter,C2718488
"JP1, JP20, JP21, JP22, JP23, JP24, JP25, JP26, JP27, JP28, JP29, JP30, JP31, JP32, JP33, JP34, JP35, JP36, JP37, JP38, JP39, JP40, JP41, JP42, JP43, JP44, JP45, JP46, JP47, JP48, JP49, JP51, JP52, JP53, JP54, JP55, JP56, JP57, JP58, JP59, JP60, JP61, JP62, JP63, JP64, JP65, JP66, JP67, JP68, JP70, JP71, JP72, JP73, JP74, JP75, JP76, JP77, JP78, JP79, JP80, JP81, JP82, JP83, JP86",SolderJumper-2_P1.3mm_Bridged2Bar_RoundedPad1.0x1.5mm,64,Jumper_2_Bridged,
"JP18, JP19, JP88",SolderJumper-2_P1.3mm_Open_RoundedPad1.0x1.5mm,3,GND_LP_SND,
JP2,SolderJumper-2_P1.3mm_Open_RoundedPad1.0x1.5mm,1,~,
JP50,SolderJumper-2_P1.3mm_Open_RoundedPad1.0x1.5mm,1,USB Only,
Q1,Q_SOT-23,1,AO3401A,C15127
"R1, R12, R13, R31, R32, R4",R_0805,6,10kΩ,C17414
"R10, R11, R20, R21, R7",R_0805,5,1Ω,C25271
"R14, R19, R30",R_0603,3,10Ω,C22859
"R15, R23",R_0805,2,4.7kΩ,C17673
"R16, R17, R18, R34, R35, R36",R_0805,6,33Ω,C17634
"R2, R3",R_0603,2,430Ω,C23170
"R22, R33",R_0805,2,560Ω,C28636
"R24, R25, R26, R27",R_0805,4,100Ω,C17408
R28,R_0805,1,100kΩ,C149504
R29,R_0805,1,20kΩ,C4328
R5,R_0805,1,33kΩ,C17633
R6,R_0805,1,12kΩ,C17444
"R8, R9",R_0805,2,47Ω,C17714
S1,SW_TS-1088-AR02016,1,"Tactile Button, 160gf",C720477
TP1,TestPoint_THTPad_D1.5mm_Drill0.7mm,1,L,
"TP10, TP12",TestPoint_THTPad_D1.5mm_Drill0.7mm,2,GND,
TP11,TestPoint_THTPad_D1.5mm_Drill0.7mm,1,VA/2,
TP14,TestPoint_THTPad_D1.5mm_Drill0.7mm,1,0,
TP16,TestPoint_THTPad_D1.5mm_Drill0.7mm,1,90,
TP17,TestPoint_THTPad_D1.5mm_Drill0.7mm,1,I,
TP18,TestPoint_THTPad_D1.5mm_Drill0.7mm,1,Q,
TP2,TestPoint_THTPad_D1.5mm_Drill0.7mm,1,R,
TP25,TestPoint_THTPad_D1.5mm_Drill0.7mm,1,+5,
TP26,TestPoint_THTPad_D1.5mm_Drill0.7mm,1,VDDA,
TP3,TestPoint_THTPad_D1.5mm_Drill0.7mm,1,I LO,
TP4,TestPoint_THTPad_D1.5mm_Drill0.7mm,1,Q LO,
TP5,TestPoint_THTPad_D1.5mm_Drill0.7mm,1,OSC,
TP6,TestPoint_THTPad_D1.5mm_Drill0.7mm,1,180,
TP7,TestPoint_THTPad_D1.5mm_Drill0.7mm,1,270,
TR1,XFMR_H1102NLT,1,H1102NLT,C20623173
U1,SOIC-8_3.9x4.9mm_P1.27mm,1,CJC4334H,C41417670
U2,TSSOP-14_4.4x5mm_P0.65mm,1,PCM1808PWR,C55513
U3,RPi_Pico_SMD_TH,1,Pico,
U4,MSOP-10_3x3mm_P0.5mm,1,MS5351M,C1509083
"U5, U8",SOIC-8_3.9x4.9mm_P1.27mm,2,OPA1612AxD,C94590
U6,TO-252-2_L6.5-W6.1-P4.58-LS10.0-TL,1,L78M05ABDT-TR,C58069
U7,SSOP-16_3.9x4.9mm_P0.635mm,1,SN74CBT3253,C2674583
X1,Oscillator_SMD_Abracon_ASE-4Pin_3.2x2.5mm,1,YC24.576MUBCE2O,C52204801
